PK,Month,MonthNumber,Year
1,January,1,2022
2,February,2,2022
3,March,3,2022
4,April,4,2022
5,May,5,2022
6,June,6,2022
7,July,7,2022
8,August,8,2022
9,September,9,2022
10,October,10,2022
11,November,11,2022
12,December,12,2022
13,January,1,2023
14,February,2,2023
15,March,3,2023
16,April,4,2023
17,May,5,2023
18,June,6,2023
19,July,7,2023
20,August,8,2023
21,September,9,2023
22,October,10,2023
23,November,11,2023
24,December,12,2023
25,January,1,2024
26,February,2,2024
27,March,3,2024
28,April,4,2024
29,May,5,2024
30,June,6,2024
31,July,7,2024
32,August,8,2024
33,September,9,2024
34,October,10,2024
35,November,11,2024
36,December,12,2024